date,time,movies,duration (s),browser,successes,failures,batch,movies per second
1/1/2023, 12:20:35 AM, 190, 257, firefox, 190, 0, 1,
1/2/2023, 12:17:32 AM, 188, 192, firefox, 188, 0, 2,
1/3/2023, 12:17:40 AM, 194, 211, firefox, 192, 0, 3,
1/4/2023, 12:17:26 AM, 225, 184, firefox, 224, 0, 4,
1/5/2023, 12:17:21 AM, 231, 174, firefox, 230, 0, 5,
1/6/2023, 12:18:01 AM, 247, 209, firefox, 246, 0, 6,
1/7/2023, 12:19:23 AM, 243, 292, firefox, 238, 0, 7,
1/8/2023, 12:18:57 AM, 240, 213, firefox, 240, 0, 8,
1/9/2023, 12:19:43 AM, 223, 241, firefox, 216, 0, 9,
1/10/2023, 12:19:56 AM, 223, 237, firefox, 220, 0, 10,
1/11/2023, 12:17:40 AM, 225, 207, firefox, 220, 0, 11,
1/12/2023, 12:18:04 AM, 219, 150, firefox, 216, 0, 12,
1/13/2023, 12:18:21 AM, 206, 173, firefox, 195, 0, 13,
1/14/2023, 12:18:09 AM, 189, 217, firefox, 182, 0, 14,
1/15/2023, 12:17:40 AM, 179, 111, firefox, 165, 0, 15,
1/16/2023, 12:17:08 AM, 168, 154, firefox, 160, 0, 16,
1/17/2023, 12:18:29 AM, 189, 210, firefox, 187, 0, 17,
1/18/2023, 12:21:17 AM, 243, 324, firefox, 234, 0, 18,
1/19/2023, 12:18:36 AM, 236, 189, firefox, 228, 0, 19,
1/20/2023, 12:17:52 AM, 231, 156, firefox, 220, 0, 20,
1/23/2023,12:45:45 PM,235,209,firefox,230,0,23,
1/24/2023,12:17:35 AM,232,156,firefox,216,0,24,
1/25/2023,12:21:49 AM,228,324,firefox,189,36,25,
1/26/2023,12:19:33 AM,236,250,firefox,225,9,26,
1/27/2023,12:18:04 AM,221,192,firefox,200,16,27,
1/28/2023,12:17:07 AM,216,178,firefox,175,21,28,
1/29/2023,12:18:20 AM,221,158,firefox,175,28,29,
1/30/2023,12:15:43 AM,233,149,firefox,175,35,30,
1/31/2023,12:18:50 AM,224,167,firefox,175,42,31,
2/1/2023,12:22:10 AM,218,350,firefox,218,0,1,
2/2/2023,12:19:17 AM,235,236,firefox,234,0,2,
2/3/2023,12:18:56 AM,231,188,firefox,231,0,3,
2/3/2023,9:40:05 PM,231,196,firefox,231,0,3,1.1785714285714286
2/3/2023,10:05:57 PM,231,224,firefox,231,0,3,1.03125
2/4/2023,12:17:28 AM,224,166,firefox,224,0,4,1.3493975903614457
2/5/2023,12:18:46 AM,217,168,firefox,215,0,5,1.2916666666666667
2/6/2023,12:17:58 AM,203,161,firefox,198,0,6,1.2608695652173914
2/7/2023,12:18:42 AM,216,144,firefox,210,0,7,1.5
2/8/2023,12:17:17 AM,212,146,firefox,208,0,8,1.452054794520548
2/9/2023,12:20:25 AM,240,263,firefox,234,0,9,0.9125475285171103
2/10/2023,12:19:55 AM,254,230,firefox,250,0,10,1.1043478260869566
2/11/2023,12:15:59 AM,248,161,firefox,242,0,11,1.5403726708074534
2/12/2023,12:19:06 AM,238,185,firefox,228,0,12,1.2864864864864864
2/13/2023,12:19:59 AM,229,241,firefox,221,0,13,0.950207468879668
2/14/2023,12:18:41 AM,249,177,firefox,238,0,14,1.4067796610169492
2/15/2023,12:20:02 AM,235,221,firefox,225,0,15,1.0633484162895928
2/16/2023,12:19:24 AM,225,228,firefox,224,0,16,0.9868421052631579
2/17/2023,12:18:46 AM,224,162,firefox,221,0,17,1.382716049382716
5/2/2023,1:30:08 PM,177,154,firefox,176,0,2,1.1493506493506493
5/3/2023,12:16:58 AM,166,188,firefox,165,0,3,0.8829787234042553
5/4/2023,12:16:34 AM,160,133,firefox,160,0,4,1.2030075187969924
5/5/2023,12:15:12 AM,164,129,firefox,160,0,5,1.2713178294573644
5/6/2023,12:15:47 AM,153,115,firefox,150,0,6,1.3304347826086957
5/7/2023,12:16:40 AM,147,137,firefox,147,0,7,1.072992700729927
5/8/2023,12:15:18 AM,142,105,firefox,136,0,8,1.3523809523809525
5/9/2023,12:15:55 AM,161,109,firefox,153,0,9,1.4770642201834863
5/10/2023,12:17:50 AM,171,216,firefox,170,0,10,0.7916666666666666
5/11/2023,12:15:57 AM,218,135,firefox,209,0,11,1.614814814814815
5/12/2023,12:18:12 AM,207,254,firefox,204,0,12,0.8149606299212598
5/13/2023,12:15:13 AM,205,131,firefox,195,0,13,1.5648854961832062
5/14/2023,12:19:36 AM,185,222,firefox,182,0,14,0.8333333333333334
5/15/2023,12:16:58 AM,201,161,firefox,195,0,15,1.2484472049689441
5/16/2023,12:17:58 AM,197,202,firefox,192,0,16,0.9752475247524752
5/17/2023,12:18:44 AM,187,191,firefox,187,0,17,0.9790575916230366
5/18/2023,12:17:53 AM,196,205,firefox,180,0,18,0.9560975609756097
5/19/2023,12:18:19 AM,192,238,firefox,190,0,19,0.8067226890756303
5/20/2023,12:15:29 AM,184,129,firefox,180,0,20,1.426356589147287
5/21/2023,12:17:18 AM,178,119,firefox,168,0,21,1.495798319327731
5/22/2023,12:19:08 AM,198,269,firefox,198,0,22,0.7360594795539034
5/23/2023,12:19:10 AM,204,252,firefox,184,0,23,0.8095238095238095
5/24/2023,12:16:07 AM,209,146,firefox,192,0,24,1.4315068493150684
5/25/2023,12:17:13 AM,186,195,firefox,175,0,25,0.9538461538461539
5/26/2023,12:18:04 AM,181,232,firefox,117,39,26,0.7801724137931034
5/27/2023,12:17:54 AM,199,162,firefox,175,14,27,1.228395061728395
5/28/2023,12:18:30 AM,190,180,firefox,150,18,28,1.0555555555555556
5/29/2023,12:16:23 AM,185,122,firefox,150,24,29,1.5163934426229508
5/30/2023,12:17:50 AM,200,136,firefox,150,30,30,1.4705882352941178
5/31/2023,12:18:06 AM,208,159,firefox,150,36,31,1.3081761006289307
6/1/2023,12:24:45 AM,192,349,firefox,192,0,1,0.5501432664756447
6/2/2023,12:19:40 AM,190,242,firefox,190,0,2,0.7851239669421488
6/3/2023,12:18:06 AM,183,172,firefox,183,0,3,1.063953488372093
6/4/2023,12:21:01 AM,176,231,firefox,176,0,4,0.7619047619047619
6/5/2023,12:18:26 AM,198,177,firefox,195,0,5,1.11864406779661
6/6/2023,12:18:00 AM,224,161,firefox,222,0,6,1.391304347826087
6/7/2023,12:17:28 AM,214,141,firefox,210,0,7,1.5177304964539007
6/8/2023,12:18:51 AM,255,205,firefox,248,0,8,1.2439024390243902
6/9/2023,12:21:14 AM,236,305,firefox,234,0,9,0.7737704918032787
6/10/2023,12:17:08 AM,235,167,firefox,230,0,10,1.407185628742515
6/11/2023,12:19:19 AM,243,173,firefox,242,0,11,1.4046242774566473
6/12/2023,12:18:29 AM,231,154,firefox,228,0,12,1.5
6/13/2023,12:19:25 AM,237,241,firefox,234,0,13,0.983402489626556
6/14/2023,12:17:07 AM,225,158,firefox,224,0,14,1.4240506329113924
6/15/2023,12:18:05 AM,236,181,firefox,225,0,15,1.3038674033149171
6/16/2023,12:18:09 AM,237,160,firefox,224,0,16,1.48125
6/17/2023,12:18:44 AM,223,246,firefox,221,0,17,0.9065040650406504
6/18/2023,12:19:34 AM,217,170,firefox,216,0,18,1.276470588235294
6/19/2023,12:20:05 AM,210,250,firefox,209,0,19,0.84
6/20/2023,12:18:21 AM,204,258,firefox,200,0,20,0.7906976744186046
6/21/2023,12:17:06 AM,198,130,firefox,189,0,21,1.523076923076923
6/22/2023,12:19:08 AM,187,216,firefox,154,22,22,0.8657407407407407
6/23/2023,12:20:38 AM,174,159,firefox,161,0,23,1.0943396226415094
6/24/2023,12:19:13 AM,162,120,firefox,144,0,24,1.35
6/25/2023,12:21:18 AM,172,132,firefox,150,0,25,1.303030303030303
6/26/2023,12:19:38 AM,150,113,firefox,125,5,26,1.3274336283185841
6/27/2023,12:18:31 AM,140,90,firefox,125,10,27,1.5555555555555556
6/28/2023,12:19:29 AM,181,155,firefox,150,18,28,1.167741935483871
6/29/2023,12:20:21 AM,212,210,firefox,176,27,29,1.0095238095238095
6/30/2023,12:18:09 AM,205,136,firefox,150,30,30,1.5073529411764706
7/1/2023,12:24:11 AM,212,328,firefox,212,0,1,0.6463414634146342
7/2/2023,12:22:18 AM,206,253,firefox,206,0,2,0.8142292490118577
7/3/2023,12:20:52 AM,203,159,firefox,201,0,3,1.2767295597484276
7/4/2023,12:19:46 AM,196,141,firefox,196,0,4,1.3900709219858156
7/5/2023,12:20:02 AM,203,147,firefox,200,0,5,1.380952380952381
7/6/2023,12:20:48 AM,215,168,firefox,210,0,6,1.2797619047619047
7/7/2023,12:20:45 AM,225,187,firefox,224,0,7,1.2032085561497325
7/8/2023,12:20:46 AM,217,185,firefox,216,0,8,1.172972972972973
7/9/2023,12:22:17 AM,231,176,firefox,225,0,9,1.3125
7/10/2023,12:20:40 AM,226,197,firefox,220,0,10,1.1472081218274113
7/11/2023,12:20:15 AM,229,191,firefox,220,0,11,1.198952879581152
7/12/2023,12:21:22 AM,221,147,firefox,216,0,12,1.5034013605442176
7/13/2023,12:19:38 AM,218,164,firefox,208,0,13,1.329268292682927
7/14/2023,12:20:23 AM,211,197,firefox,210,0,14,1.0710659898477157
7/15/2023,12:19:43 AM,202,186,firefox,195,0,15,1.086021505376344
7/16/2023,12:22:40 AM,185,196,firefox,176,0,16,0.9438775510204082
7/17/2023,12:20:04 AM,183,110,firefox,170,0,17,1.6636363636363636
7/18/2023,12:24:15 AM,176,110,firefox,162,0,18,1.6
7/19/2023,12:25:05 AM,193,179,firefox,190,0,19,1.0782122905027933
7/20/2023,12:19:22 AM,177,193,firefox,160,0,20,0.917098445595855
7/21/2023,12:17:40 AM,188,146,firefox,168,0,21,1.2876712328767124
7/22/2023,12:18:28 AM,183,132,firefox,176,0,22,1.3863636363636365
7/23/2023,12:18:21 AM,173,119,firefox,161,0,23,1.453781512605042
7/24/2023,12:18:02 AM,171,143,firefox,168,0,24,1.1958041958041958
7/25/2023,12:18:34 AM,182,154,firefox,175,0,25,1.1818181818181819
7/26/2023,12:17:10 AM,186,125,firefox,175,7,26,1.488
7/27/2023,12:15:44 AM,181,114,firefox,154,8,27,1.587719298245614
7/28/2023,12:17:21 AM,169,159,firefox,150,18,28,1.0628930817610063
7/29/2023,12:16:45 AM,168,114,firefox,135,10,29,1.4736842105263157
7/30/2023,12:17:33 AM,179,101,firefox,125,25,30,1.7722772277227723
7/31/2023,12:17:08 AM,175,134,firefox,125,30,31,1.3059701492537314
8/1/2023,12:22:54 AM,199,368,firefox,199,0,1,0.5407608695652174
8/2/2023,12:17:54 AM,192,182,firefox,192,0,2,1.054945054945055
8/3/2023,12:18:35 AM,188,190,firefox,186,0,3,0.9894736842105263
8/4/2023,12:17:54 AM,180,160,firefox,180,0,4,1.125
8/5/2023,12:16:32 AM,170,122,firefox,170,0,5,1.3934426229508197
8/6/2023,12:17:24 AM,160,144,firefox,156,0,6,1.1111111111111112
8/7/2023,12:18:03 AM,155,136,firefox,154,0,7,1.1397058823529411
8/8/2023,12:17:24 AM,163,120,firefox,160,0,8,1.3583333333333334
8/9/2023,12:17:59 AM,198,185,firefox,198,0,9,1.0702702702702702
8/10/2023,12:18:34 AM,206,178,firefox,200,0,10,1.1573033707865168
8/11/2023,12:16:38 AM,198,234,firefox,198,0,11,0.8461538461538461
8/12/2023,12:14:30 AM,205,135,firefox,204,0,12,1.5185185185185186
8/13/2023,12:17:10 AM,196,218,firefox,195,0,13,0.8990825688073395
8/14/2023,12:16:09 AM,189,178,firefox,182,0,14,1.0617977528089888
8/15/2023,12:15:00 AM,190,132,firefox,180,0,15,1.4393939393939394
8/16/2023,12:15:56 AM,187,184,firefox,176,0,16,1.016304347826087
8/17/2023,12:15:50 AM,176,193,firefox,170,0,17,0.9119170984455959
8/18/2023,12:14:08 AM,169,114,firefox,162,0,18,1.4824561403508771
8/19/2023,12:14:46 AM,162,164,firefox,152,0,19,0.9878048780487805
8/20/2023,12:15:39 AM,181,130,firefox,180,0,20,1.3923076923076922
8/21/2023,12:15:48 AM,174,172,firefox,168,0,21,1.0116279069767442
8/22/2023,12:15:14 AM,179,137,firefox,176,0,22,1.3065693430656935
8/23/2023,12:17:19 AM,195,257,firefox,184,0,23,0.7587548638132295
8/24/2023,12:15:20 AM,190,161,firefox,168,0,24,1.1801242236024845
8/25/2023,12:15:50 AM,179,179,firefox,175,0,25,1
8/26/2023,12:15:22 AM,173,185,firefox,125,31,26,0.9351351351351351
8/27/2023,12:16:22 AM,163,158,firefox,150,12,27,1.0316455696202531
8/28/2023,12:16:59 AM,159,201,firefox,75,65,28,0.7910447761194029
8/29/2023,12:18:34 AM,248,292,firefox,176,56,29,0.8493150684931506
8/30/2023,12:17:27 AM,276,248,firefox,225,45,30,1.1129032258064515
8/31/2023,12:17:34 AM,266,260,firefox,200,48,31,1.023076923076923
9/1/2023,12:21:47 AM,260,405,firefox,260,0,1,0.6419753086419753
9/2/2023,12:17:01 AM,249,270,firefox,248,0,2,0.9222222222222223
9/3/2023,12:16:46 AM,240,189,firefox,240,0,3,1.2698412698412698
9/4/2023,12:16:12 AM,248,188,firefox,248,0,4,1.3191489361702127
9/5/2023,12:16:38 AM,278,210,firefox,275,0,5,1.3238095238095238
9/6/2023,12:19:59 AM,307,376,firefox,306,0,6,0.8164893617021277
9/7/2023,12:17:37 AM,298,273,firefox,294,0,7,1.0915750915750915
9/8/2023,12:19:32 AM,309,375,firefox,304,0,8,0.824
9/9/2023,12:16:56 AM,308,244,firefox,306,0,9,1.2622950819672132
9/10/2023,12:18:45 AM,300,285,firefox,300,0,10,1.0526315789473684
9/11/2023,12:17:42 AM,295,259,firefox,286,0,11,1.138996138996139
9/12/2023,12:19:20 AM,302,338,firefox,300,0,12,0.893491124260355
9/13/2023,12:19:17 AM,304,335,firefox,299,0,13,0.9074626865671642
9/14/2023,12:16:51 AM,287,211,firefox,280,0,14,1.3601895734597156
9/15/2023,12:18:01 AM,280,274,firefox,270,0,15,1.0218978102189782
9/16/2023,12:16:29 AM,283,221,firefox,272,0,16,1.2805429864253393
9/17/2023,12:17:38 AM,264,200,firefox,255,0,17,1.32
9/18/2023,12:17:12 AM,258,229,firefox,252,0,18,1.1266375545851528
9/19/2023,12:18:07 AM,264,262,firefox,247,0,19,1.0076335877862594
9/20/2023,12:17:06 AM,288,227,firefox,280,0,20,1.2687224669603525
9/21/2023,12:19:02 AM,266,318,firefox,252,0,21,0.8364779874213837
9/22/2023,12:19:19 AM,260,342,firefox,242,0,22,0.7602339181286549
9/23/2023,12:16:19 AM,262,219,firefox,253,0,23,1.1963470319634704
9/24/2023,12:19:24 AM,266,314,firefox,264,0,24,0.8471337579617835
9/25/2023,12:18:38 AM,252,307,firefox,226,24,25,0.8208469055374593
9/26/2023,12:16:30 AM,264,191,firefox,250,10,26,1.382198952879581
9/27/2023,12:18:07 AM,335,274,firefox,300,24,27,1.2226277372262773
9/28/2023,12:21:28 AM,331,465,firefox,175,133,28,0.7118279569892473
9/29/2023,12:20:49 AM,322,432,firefox,226,93,29,0.7453703703703703
9/30/2023,12:18:03 AM,321,308,firefox,250,50,30,1.0422077922077921
10/1/2023,12:24:53 AM,301,544,firefox,301,0,1,0.5533088235294118
10/2/2023,12:18:04 AM,275,261,firefox,274,0,2,1.053639846743295
10/3/2023,12:17:51 AM,289,247,firefox,288,0,3,1.1700404858299596
10/4/2023,12:17:25 AM,273,216,firefox,272,0,4,1.2638888888888888
10/5/2023,12:17:57 AM,261,257,firefox,260,0,5,1.0155642023346303
10/6/2023,12:16:47 AM,242,205,firefox,240,0,6,1.1804878048780487
10/7/2023,12:17:02 AM,242,233,firefox,238,0,7,1.03862660944206
10/8/2023,12:18:17 AM,231,212,firefox,224,0,8,1.0896226415094339
10/9/2023,12:16:48 AM,211,180,firefox,207,0,9,1.1722222222222223
10/10/2023,12:17:05 AM,211,198,firefox,210,0,10,1.0656565656565657
10/11/2023,12:16:44 AM,204,172,firefox,198,0,11,1.186046511627907
10/12/2023,12:15:09 AM,222,172,firefox,216,0,12,1.2906976744186047
10/13/2023,12:17:38 AM,219,215,firefox,208,0,13,1.0186046511627906
10/14/2023,12:16:34 AM,224,201,firefox,224,0,14,1.1144278606965174
10/15/2023,12:17:57 AM,214,197,firefox,210,0,15,1.0862944162436547
10/16/2023,12:17:46 AM,199,217,firefox,192,0,16,0.9170506912442397
10/17/2023,12:18:56 AM,247,253,firefox,238,0,17,0.9762845849802372
10/18/2023,12:17:50 AM,279,240,firefox,270,0,18,1.1625
10/19/2023,12:17:22 AM,272,236,firefox,266,0,19,1.152542372881356
10/20/2023,12:18:41 AM,285,296,firefox,280,0,20,0.9628378378378378
10/21/2023,12:18:37 AM,277,292,firefox,273,0,21,0.9486301369863014
10/22/2023,12:20:27 AM,260,336,firefox,222,20,22,0.7738095238095238
10/23/2023,12:16:49 AM,256,185,firefox,253,0,23,1.3837837837837839
10/24/2023,12:18:15 AM,254,263,firefox,240,0,24,0.9657794676806084
10/25/2023,12:17:12 AM,271,221,firefox,250,0,25,1.2262443438914028
10/26/2023,12:16:38 AM,260,205,firefox,250,10,26,1.2682926829268293
10/27/2023,12:17:54 AM,333,272,firefox,300,24,27,1.224264705882353
10/28/2023,12:19:22 AM,409,351,firefox,350,42,28,1.1652421652421652
10/29/2023,12:20:55 AM,415,352,firefox,350,56,29,1.1789772727272727
10/30/2023,12:19:50 AM,404,355,firefox,325,65,30,1.1380281690140845
10/31/2023,12:21:14 AM,402,441,firefox,227,145,31,0.9115646258503401
11/1/2023,12:24:56 AM,410,612,firefox,410,0,1,0.6699346405228758
11/2/2023,12:19:27 AM,398,341,firefox,398,0,2,1.1671554252199414
11/3/2023,12:18:40 AM,383,295,firefox,381,0,3,1.2983050847457627
11/4/2023,12:16:53 AM,363,207,firefox,360,0,4,1.7536231884057971
11/5/2023,12:20:57 AM,343,343,firefox,340,0,5,1
11/6/2023,12:16:55 AM,332,173,firefox,330,0,6,1.9190751445086704
11/7/2023,12:16:29 AM,337,171,firefox,336,0,7,1.9707602339181287
11/8/2023,12:18:01 AM,338,256,firefox,336,0,8,1.3203125
11/9/2023,12:19:04 AM,316,307,firefox,315,0,9,1.0293159609120521
11/10/2023,12:15:52 AM,295,143,firefox,290,0,10,2.062937062937063
11/11/2023,12:15:47 AM,277,141,firefox,275,0,11,1.9645390070921986
11/12/2023,12:16:54 AM,265,130,firefox,264,0,12,2.0384615384615383
11/13/2023,12:18:50 AM,264,261,firefox,260,0,13,1.0114942528735633
11/14/2023,12:15:47 AM,260,128,firefox,252,0,14,2.03125
11/15/2023,12:16:05 AM,260,134,firefox,255,0,15,1.9402985074626866
11/16/2023,12:16:00 AM,244,119,firefox,240,0,16,2.0504201680672267
11/17/2023,12:15:36 AM,236,104,firefox,221,0,17,2.269230769230769
11/18/2023,12:15:52 AM,272,132,firefox,270,0,18,2.0606060606060606
11/19/2023,12:17:12 AM,265,121,firefox,247,0,19,2.190082644628099
11/20/2023,12:16:50 AM,248,149,firefox,240,0,20,1.6644295302013423
11/21/2023,12:16:26 AM,272,129,firefox,252,0,21,2.108527131782946
11/22/2023,12:17:48 AM,308,190,firefox,308,0,22,1.6210526315789473
11/23/2023,12:16:44 AM,303,164,firefox,299,0,23,1.8475609756097562
11/24/2023,12:16:23 AM,292,165,firefox,288,0,24,1.7696969696969698
11/25/2023,12:15:52 AM,279,149,firefox,275,0,25,1.8724832214765101
11/26/2023,12:17:43 AM,291,156,firefox,275,11,26,1.8653846153846154
11/27/2023,12:16:18 AM,268,123,firefox,225,18,27,2.178861788617886
11/28/2023,12:16:25 AM,254,131,firefox,225,27,28,1.9389312977099236
11/29/2023,12:16:42 AM,282,132,firefox,225,36,29,2.1363636363636362
11/30/2023,12:16:14 AM,268,115,firefox,200,40,30,2.3304347826086955
12/1/2023,12:22:43 AM,259,414,firefox,259,0,1,0.6256038647342995
12/2/2023,12:16:44 AM,245,192,firefox,244,0,2,1.2760416666666667
12/3/2023,12:17:24 AM,209,126,firefox,207,0,3,1.6587301587301588
12/4/2023,12:16:32 AM,195,109,firefox,192,0,4,1.7889908256880733
12/5/2023,12:16:20 AM,187,104,firefox,185,0,5,1.7980769230769231
12/6/2023,12:16:03 AM,203,96,firefox,198,0,6,2.1145833333333335
12/7/2023,12:16:08 AM,207,102,firefox,203,0,7,2.0294117647058822
12/8/2023,12:16:10 AM,198,94,firefox,192,0,8,2.106382978723404
12/9/2023,12:15:25 AM,183,89,firefox,180,0,9,2.056179775280899
12/10/2023,12:17:11 AM,186,86,firefox,180,0,10,2.1627906976744184
12/11/2023,12:16:02 AM,173,76,firefox,165,0,11,2.276315789473684
12/12/2023,12:15:53 AM,171,80,firefox,168,0,12,2.1375
12/13/2023,12:15:43 AM,182,88,firefox,182,0,13,2.0681818181818183
12/14/2023,12:15:28 AM,181,81,firefox,168,0,14,2.234567901234568
12/15/2023,12:16:13 AM,172,78,firefox,165,0,15,2.2051282051282053
12/16/2023,12:15:23 AM,164,72,firefox,160,0,16,2.2777777777777777
12/17/2023,12:16:58 AM,175,77,firefox,170,0,17,2.272727272727273
12/18/2023,12:16:10 AM,162,78,firefox,162,0,18,2.076923076923077
12/19/2023,12:15:31 AM,168,69,firefox,152,0,19,2.4347826086956523
12/20/2023,12:13:11 AM,160,76,firefox,160,0,20,2.1052631578947367
12/21/2023,12:15:21 AM,159,69,firefox,147,0,21,2.3043478260869565
12/22/2023,12:15:15 AM,151,58,firefox,132,0,22,2.603448275862069
12/23/2023,12:15:00 AM,150,62,firefox,138,0,23,2.4193548387096775
12/24/2023,12:16:54 AM,154,81,firefox,144,0,24,1.9012345679012346
12/25/2023,12:16:20 AM,153,73,firefox,150,0,25,2.095890410958904
12/26/2023,12:14:55 AM,152,63,firefox,125,5,26,2.4126984126984126
12/27/2023,12:15:13 AM,205,90,firefox,175,14,27,2.2777777777777777
12/28/2023,12:15:09 AM,193,75,firefox,150,18,28,2.5733333333333333
12/29/2023,12:12:57 AM,192,77,firefox,150,24,29,2.4935064935064934
12/30/2023,12:15:10 AM,181,80,firefox,151,29,30,2.2625
12/31/2023,12:16:50 AM,170,66,firefox,125,30,31,2.5757575757575757
1/1/2024,12:21:50 AM,234,336,firefox,234,0,1,0.6964285714285714
1/2/2024,12:17:39 AM,233,207,firefox,232,0,2,1.1256038647342994
1/3/2024,12:16:28 AM,227,132,firefox,225,0,3,1.7196969696969697
1/4/2024,12:16:41 AM,256,134,firefox,256,0,4,1.9104477611940298
1/5/2024,12:16:39 AM,248,140,firefox,245,0,5,1.7714285714285714
1/6/2024,12:16:15 AM,250,118,firefox,246,0,6,2.1186440677966103
1/7/2024,12:17:43 AM,236,113,firefox,231,0,7,2.088495575221239
1/8/2024,12:16:47 AM,226,110,firefox,224,0,8,2.0545454545454547
1/9/2024,12:17:03 AM,240,121,firefox,234,0,9,1.9834710743801653
1/10/2024,12:16:29 AM,238,117,firefox,230,0,10,2.034188034188034
1/11/2024,12:16:17 AM,229,104,firefox,220,0,11,2.201923076923077
1/12/2024,12:16:29 AM,248,115,firefox,240,0,12,2.1565217391304348
1/13/2024,12:16:16 AM,240,111,firefox,234,0,13,2.1621621621621623
1/14/2024,12:17:37 AM,233,108,firefox,224,0,14,2.1574074074074074
1/15/2024,12:16:54 AM,234,106,firefox,225,0,15,2.207547169811321
1/16/2024,12:16:13 AM,236,108,firefox,224,0,16,2.185185185185185
1/17/2024,12:16:31 AM,242,120,firefox,238,0,17,2.0166666666666666
1/18/2024,12:16:17 AM,234,112,firefox,234,0,18,2.0892857142857144
1/19/2024,12:16:13 AM,221,103,firefox,209,0,19,2.145631067961165
1/20/2024,12:16:59 AM,202,167,firefox,160,40,20,1.2095808383233533
1/21/2024,12:17:28 AM,195,93,firefox,189,0,21,2.096774193548387
1/22/2024,12:16:44 AM,179,87,firefox,176,0,22,2.057471264367816
1/23/2024,12:16:10 AM,177,79,firefox,161,0,23,2.240506329113924
1/24/2024,12:16:02 AM,174,79,firefox,168,0,24,2.2025316455696204
1/25/2024,12:16:16 AM,180,88,firefox,175,0,25,2.0454545454545454
1/26/2024,12:16:09 AM,235,113,firefox,225,9,26,2.079646017699115
1/27/2024,12:15:10 AM,219,121,firefox,202,14,27,1.8099173553719008
1/28/2024,12:16:46 AM,208,99,firefox,175,21,28,2.101010101010101
1/29/2024,12:15:32 AM,197,82,firefox,150,24,29,2.402439024390244
1/30/2024,12:14:55 AM,191,79,firefox,150,30,30,2.4177215189873418
1/31/2024,12:15:08 AM,198,79,firefox,150,36,31,2.5063291139240507
2/1/2024,12:19:10 AM,235,299,firefox,235,0,1,0.7859531772575251
2/2/2024,12:17:02 AM,231,204,firefox,230,0,2,1.1323529411764706
2/3/2024,12:16:48 AM,271,164,firefox,270,0,3,1.6524390243902438
2/4/2024,12:17:34 AM,267,142,firefox,264,0,4,1.880281690140845
2/5/2024,12:16:58 AM,262,149,firefox,260,0,5,1.7583892617449663
2/6/2024,12:16:17 AM,269,134,firefox,264,0,6,2.0074626865671643
2/7/2024,12:15:35 AM,260,134,firefox,259,0,7,1.9402985074626866
2/8/2024,12:15:59 AM,271,138,firefox,264,0,8,1.963768115942029
2/9/2024,12:15:52 AM,262,131,firefox,261,0,9,2
2/10/2024,12:16:09 AM,283,147,firefox,280,0,10,1.9251700680272108
2/11/2024,12:17:28 AM,278,132,firefox,275,0,11,2.106060606060606
2/12/2024,12:16:30 AM,262,125,firefox,252,0,12,2.096
2/13/2024,12:16:34 AM,251,120,firefox,247,0,13,2.091666666666667
2/14/2024,12:15:42 AM,242,114,firefox,238,0,14,2.1228070175438596
2/15/2024,12:15:41 AM,240,115,firefox,240,0,15,2.0869565217391304
2/16/2024,12:16:19 AM,319,159,firefox,304,0,16,2.006289308176101
2/17/2024,12:16:41 AM,324,162,firefox,323,0,17,2
2/18/2024,12:17:44 AM,317,152,firefox,306,0,18,2.085526315789474
2/19/2024,12:17:00 AM,305,158,firefox,304,0,19,1.9303797468354431
2/20/2024,12:17:15 AM,299,204,firefox,280,0,20,1.4656862745098038
2/21/2024,12:16:22 AM,302,154,firefox,294,0,21,1.9610389610389611
2/22/2024,12:16:37 AM,348,176,firefox,330,0,22,1.9772727272727273
2/23/2024,12:16:35 AM,344,179,firefox,322,0,23,1.9217877094972067
2/24/2024,12:15:42 AM,335,160,firefox,312,0,24,2.09375
2/25/2024,12:17:51 AM,339,173,firefox,325,0,25,1.9595375722543353
2/26/2024,12:16:40 AM,329,153,firefox,300,12,26,2.150326797385621
2/27/2024,12:17:04 AM,334,166,firefox,300,24,27,2.0120481927710845
2/28/2024,12:16:47 AM,337,167,firefox,303,33,28,2.0179640718562872
2/29/2024,12:16:13 AM,329,159,firefox,275,44,29,2.069182389937107
3/1/2024,12:24:03 AM,427,509,firefox,427,0,1,0.8388998035363457
3/2/2024,12:18:14 AM,403,307,firefox,402,0,2,1.3127035830618892
3/3/2024,12:18:25 AM,362,212,firefox,360,0,3,1.7075471698113207
3/4/2024,12:17:44 AM,341,207,firefox,340,0,4,1.6473429951690821
3/5/2024,12:17:01 AM,330,178,firefox,330,0,5,1.853932584269663
3/6/2024,12:17:14 AM,347,171,firefox,342,0,6,2.0292397660818713
3/7/2024,12:14:15 AM,341,169,firefox,336,0,7,2.0177514792899407
3/8/2024,12:18:47 AM,330,210,firefox,328,0,8,1.5714285714285714
3/9/2024,12:15:17 AM,280,137,firefox,279,0,9,2.0437956204379564
3/10/2024,12:16:51 AM,199,89,firefox,190,0,10,2.235955056179775
3/11/2024,12:15:34 AM,199,92,firefox,198,0,11,2.1630434782608696
3/12/2024,12:15:20 AM,224,108,firefox,216,0,12,2.074074074074074
3/13/2024,12:15:23 AM,218,96,firefox,208,0,13,2.2708333333333335
3/14/2024,12:15:22 AM,212,102,firefox,210,0,14,2.0784313725490198
3/15/2024,12:16:04 AM,301,144,firefox,300,0,15,2.0902777777777777
3/16/2024,12:15:48 AM,290,143,firefox,288,0,16,2.027972027972028
3/17/2024,12:17:35 AM,275,131,firefox,272,0,17,2.099236641221374
3/18/2024,12:17:00 AM,265,132,firefox,252,0,18,2.007575757575758
3/19/2024,12:17:00 AM,298,147,firefox,285,0,19,2.0272108843537415
3/20/2024,12:16:13 AM,328,165,firefox,320,0,20,1.9878787878787878
3/21/2024,12:18:35 AM,386,208,firefox,378,0,21,1.8557692307692308
3/22/2024,12:17:13 AM,389,208,firefox,374,0,22,1.8701923076923077
3/23/2024,12:17:16 AM,396,211,firefox,391,0,23,1.8767772511848342
3/24/2024,12:19:52 AM,389,203,firefox,384,0,24,1.916256157635468
3/25/2024,12:18:18 AM,384,202,firefox,375,0,25,1.900990099009901
3/26/2024,12:17:39 AM,359,222,firefox,325,13,26,1.617117117117117
3/27/2024,12:16:46 AM,354,179,firefox,325,26,27,1.9776536312849162
3/28/2024,12:16:52 AM,330,150,firefox,275,33,28,2.2
3/29/2024,12:16:26 AM,312,150,firefox,250,40,29,2.08
3/30/2024,12:15:45 AM,313,146,firefox,250,50,30,2.143835616438356
3/31/2024,12:18:12 AM,303,135,firefox,225,54,31,2.2444444444444445
4/1/2024,12:22:14 AM,318,382,firefox,318,0,1,0.8324607329842932
4/2/2024,12:18:49 AM,315,271,firefox,314,0,2,1.1623616236162362
4/3/2024,12:17:28 AM,306,194,firefox,306,0,3,1.577319587628866
4/4/2024,12:18:02 AM,301,182,firefox,300,0,4,1.6538461538461537
4/5/2024,12:17:36 AM,288,150,firefox,285,0,5,1.92
4/6/2024,12:15:51 AM,277,139,firefox,276,0,6,1.9928057553956835
4/7/2024,12:18:28 AM,261,135,firefox,259,0,7,1.9333333333333333
4/8/2024,12:16:29 AM,244,120,firefox,240,0,8,2.033333333333333
4/9/2024,12:16:42 AM,254,128,firefox,252,0,9,1.984375
4/10/2024,12:16:34 AM,274,148,firefox,270,0,10,1.8513513513513513
4/11/2024,12:16:54 AM,272,129,firefox,264,0,11,2.108527131782946
4/12/2024,12:16:22 AM,264,136,firefox,264,0,12,1.9411764705882353
4/13/2024,12:14:46 AM,259,121,firefox,247,0,13,2.1404958677685952
4/14/2024,12:19:38 AM,235,110,firefox,224,0,14,2.1363636363636362
4/15/2024,2:33:12 AM,220,98,firefox,210,0,15,2.2448979591836733
4/16/2024,12:15:49 AM,214,99,firefox,208,0,16,2.1616161616161618
4/17/2024,12:16:46 AM,241,124,firefox,238,0,17,1.9435483870967742
4/18/2024,12:16:03 AM,233,105,firefox,216,0,18,2.219047619047619
4/19/2024,12:15:58 AM,226,98,firefox,209,0,19,2.306122448979592
4/20/2024,12:15:55 AM,216,97,firefox,200,0,20,2.2268041237113403
4/21/2024,12:17:21 AM,211,103,firefox,210,0,21,2.0485436893203883
4/22/2024,12:16:47 AM,202,95,firefox,198,0,22,2.126315789473684
4/23/2024,12:16:28 AM,207,102,firefox,207,0,23,2.0294117647058822
4/24/2024,12:16:03 AM,234,106,firefox,216,0,24,2.207547169811321
4/25/2024,12:16:36 AM,237,107,firefox,225,0,25,2.2149532710280373
4/26/2024,12:16:03 AM,227,110,firefox,200,8,26,2.0636363636363635
4/27/2024,12:16:12 AM,231,105,firefox,200,16,27,2.2
4/28/2024,12:17:53 AM,238,106,firefox,200,24,28,2.2452830188679247
4/29/2024,12:15:55 AM,229,92,firefox,175,28,29,2.489130434782609
4/30/2024,12:16:08 AM,281,127,firefox,225,45,30,2.2125984251968505
5/1/2024,12:21:41 AM,283,367,firefox,283,0,1,0.771117166212534
5/2/2024,12:18:00 AM,276,211,firefox,276,0,2,1.3080568720379147
5/3/2024,12:18:00 AM,267,193,firefox,267,0,3,1.383419689119171
5/4/2024,12:16:38 AM,262,148,firefox,260,0,4,1.7702702702702702
5/5/2024,12:17:49 AM,264,133,firefox,260,0,5,1.9849624060150375
5/6/2024,12:17:03 AM,258,142,firefox,258,0,6,1.8169014084507042
5/7/2024,12:17:02 AM,255,124,firefox,252,0,7,2.056451612903226
5/8/2024,12:14:48 AM,254,124,firefox,248,0,8,2.0483870967741935
5/9/2024,12:16:26 AM,242,113,firefox,234,0,9,2.1415929203539825
5/10/2024,12:16:23 AM,233,106,firefox,230,0,10,2.19811320754717
5/11/2024,12:16:14 AM,229,103,firefox,220,0,11,2.2233009708737863
5/12/2024,12:17:35 AM,209,95,firefox,204,0,12,2.2
5/13/2024,12:16:54 AM,187,94,firefox,182,0,13,1.9893617021276595
5/14/2024,12:16:22 AM,223,100,firefox,210,0,14,2.23
5/15/2024,12:17:06 AM,245,122,firefox,240,0,15,2.0081967213114753
5/16/2024,12:16:13 AM,234,106,firefox,224,0,16,2.207547169811321
5/17/2024,12:16:48 AM,232,108,firefox,221,0,17,2.1481481481481484
5/18/2024,12:16:12 AM,233,104,firefox,216,0,18,2.2403846153846154
5/19/2024,12:17:50 AM,217,97,firefox,209,0,19,2.2371134020618557
5/20/2024,12:16:47 AM,216,100,firefox,200,0,20,2.16
5/21/2024,12:17:40 AM,218,120,firefox,210,0,21,1.8166666666666667
5/22/2024,12:16:30 AM,225,105,firefox,220,0,22,2.142857142857143
5/23/2024,12:16:37 AM,220,104,firefox,207,0,23,2.1153846153846154
5/24/2024,12:17:05 AM,237,105,firefox,216,0,24,2.257142857142857
5/25/2024,12:16:17 AM,239,113,firefox,225,0,25,2.1150442477876106
5/26/2024,12:17:44 AM,230,100,firefox,200,8,26,2.3
5/27/2024,12:17:17 AM,226,110,firefox,200,16,27,2.0545454545454547
5/28/2024,12:17:05 AM,230,113,firefox,200,24,28,2.0353982300884956
5/29/2024,12:17:19 AM,220,92,firefox,175,28,29,2.391304347826087
5/30/2024,12:17:06 AM,218,95,firefox,175,35,30,2.294736842105263
5/31/2024,12:16:13 AM,229,99,firefox,175,42,31,2.313131313131313
6/1/2024,12:23:03 AM,266,424,firefox,266,0,1,0.6273584905660378
6/2/2024,12:19:33 AM,250,192,firefox,250,0,2,1.3020833333333333
6/3/2024,12:18:01 AM,249,153,firefox,249,0,3,1.6274509803921569
6/4/2024,12:17:09 AM,239,132,firefox,236,0,4,1.8106060606060606
6/5/2024,12:17:08 AM,266,133,firefox,265,0,5,2
6/6/2024,12:17:05 AM,263,129,firefox,258,0,6,2.0387596899224807
6/7/2024,12:17:36 AM,251,128,firefox,245,0,7,1.9609375
6/8/2024,12:18:20 AM,300,155,firefox,296,0,8,1.935483870967742
6/9/2024,12:19:41 AM,284,143,firefox,279,0,9,1.986013986013986
6/10/2024,12:17:56 AM,269,128,firefox,260,0,10,2.1015625
6/11/2024,12:17:35 AM,294,145,firefox,286,0,11,2.027586206896552
6/12/2024,12:17:55 AM,293,142,firefox,288,0,12,2.063380281690141
6/13/2024,12:17:25 AM,270,129,firefox,260,0,13,2.0930232558139537
6/14/2024,12:16:53 AM,244,115,firefox,238,0,14,2.121739130434783
6/15/2024,12:16:40 AM,220,99,firefox,210,0,15,2.2222222222222223
6/16/2024,12:18:31 AM,204,100,firefox,192,0,16,2.04
6/17/2024,12:17:34 AM,190,87,firefox,187,0,17,2.1839080459770117
6/18/2024,12:16:49 AM,184,85,firefox,180,0,18,2.164705882352941
6/19/2024,12:16:58 AM,202,102,firefox,190,0,19,1.9803921568627452
6/20/2024,12:16:34 AM,198,89,firefox,180,0,20,2.2247191011235956
6/21/2024,12:16:24 AM,188,80,firefox,168,0,21,2.35
6/22/2024,12:17:20 AM,266,140,firefox,264,0,22,1.9
6/23/2024,12:18:40 AM,250,122,firefox,230,0,23,2.0491803278688523
6/24/2024,12:18:32 AM,228,119,firefox,216,0,24,1.915966386554622
6/25/2024,12:16:58 AM,211,107,firefox,200,0,25,1.97196261682243
6/26/2024,12:17:35 AM,275,145,firefox,250,10,26,1.896551724137931
6/27/2024,12:17:51 AM,264,139,firefox,225,18,27,1.8992805755395683
6/28/2024,12:17:39 AM,267,128,firefox,225,27,28,2.0859375
6/29/2024,12:17:14 AM,277,125,firefox,225,36,29,2.216
6/30/2024,12:19:02 AM,256,117,firefox,200,40,30,2.1880341880341883
7/1/2024,12:23:55 AM,291,357,firefox,291,0,1,0.8151260504201681
7/2/2024,12:20:03 AM,281,259,firefox,280,0,2,1.084942084942085
7/3/2024,12:18:36 AM,289,175,firefox,288,0,3,1.6514285714285715
7/4/2024,12:17:55 AM,278,153,firefox,276,0,4,1.8169934640522876
7/5/2024,12:17:55 AM,272,147,firefox,270,0,5,1.8503401360544218
7/6/2024,12:17:19 AM,260,142,firefox,258,0,6,1.8309859154929577
7/7/2024,12:19:17 AM,249,129,firefox,245,0,7,1.930232558139535
7/8/2024,12:18:23 AM,242,129,firefox,240,0,8,1.875968992248062
7/9/2024,12:18:01 AM,266,147,firefox,261,0,9,1.8095238095238095
7/10/2024,12:18:28 AM,261,149,firefox,260,0,10,1.7516778523489933
7/11/2024,12:18:20 AM,271,131,firefox,264,0,11,2.068702290076336
7/12/2024,12:18:02 AM,260,135,firefox,252,0,12,1.9259259259259258
7/13/2024,12:18:14 AM,252,119,firefox,247,0,13,2.1176470588235294
7/14/2024,12:19:28 AM,234,108,firefox,224,0,14,2.1666666666666665
7/15/2024,12:18:22 AM,225,114,firefox,225,0,15,1.9736842105263157
7/16/2024,12:17:35 AM,230,107,firefox,224,0,16,2.149532710280374
7/17/2024,12:18:18 AM,280,144,firefox,272,0,17,1.9444444444444444
7/18/2024,12:17:44 AM,262,134,firefox,252,0,18,1.955223880597015
7/19/2024,12:18:18 AM,257,129,firefox,247,0,19,1.9922480620155039
7/20/2024,12:17:39 AM,245,138,firefox,240,0,20,1.7753623188405796
7/21/2024,12:19:10 AM,229,103,firefox,210,0,21,2.2233009708737863
7/22/2024,12:18:21 AM,235,119,firefox,220,0,22,1.9747899159663866
7/23/2024,12:18:01 AM,234,126,firefox,230,0,23,1.8571428571428572
7/24/2024,12:19:01 AM,253,140,firefox,240,0,24,1.8071428571428572
7/25/2024,12:17:53 AM,240,117,firefox,225,0,25,2.051282051282051
7/26/2024,12:17:14 AM,229,109,firefox,200,8,26,2.1009174311926606
7/27/2024,12:17:08 AM,223,108,firefox,200,16,27,2.064814814814815
7/28/2024,12:19:59 AM,206,93,firefox,175,21,28,2.21505376344086
7/29/2024,12:18:03 AM,206,94,firefox,175,28,29,2.1914893617021276
7/30/2024,12:17:35 AM,216,98,firefox,175,35,30,2.204081632653061
7/31/2024,12:14:34 AM,216,82,firefox,150,36,31,2.6341463414634148
8/1/2024,12:22:11 AM,213,261,firefox,213,0,1,0.8160919540229885
8/2/2024,12:18:04 AM,201,148,firefox,200,0,2,1.3581081081081081
8/3/2024,12:17:21 AM,185,109,firefox,183,0,3,1.6972477064220184
8/4/2024,12:19:10 AM,172,95,firefox,172,0,4,1.8105263157894738
8/5/2024,12:18:00 AM,160,83,firefox,160,0,5,1.927710843373494
8/6/2024,12:17:44 AM,184,101,firefox,180,0,6,1.8217821782178218
8/7/2024,12:17:32 AM,186,91,firefox,182,0,7,2.043956043956044
8/8/2024,12:18:06 AM,240,122,firefox,240,0,8,1.9672131147540983
8/9/2024,12:18:07 AM,237,121,firefox,234,0,9,1.9586776859504131
8/10/2024,12:17:48 AM,234,120,firefox,230,0,10,1.95
8/11/2024,12:20:21 AM,220,117,firefox,220,0,11,1.8803418803418803
8/12/2024,12:18:31 AM,213,96,firefox,204,0,12,2.21875
8/13/2024,12:18:43 AM,225,111,firefox,221,0,13,2.027027027027027
8/14/2024,12:18:02 AM,230,111,firefox,224,0,14,2.0720720720720722
8/15/2024,12:17:52 AM,214,106,firefox,210,0,15,2.018867924528302
8/16/2024,12:17:33 AM,202,93,firefox,192,0,16,2.172043010752688
8/17/2024,12:16:55 AM,191,92,firefox,187,0,17,2.0760869565217392
8/18/2024,12:19:16 AM,172,79,firefox,162,0,18,2.1772151898734178
8/19/2024,12:17:46 AM,167,73,firefox,152,0,19,2.287671232876712
8/20/2024,12:17:32 AM,163,77,firefox,160,0,20,2.116883116883117
8/21/2024,12:17:30 AM,177,82,firefox,168,0,21,2.158536585365854
8/22/2024,12:17:38 AM,191,85,firefox,176,0,22,2.2470588235294118
8/23/2024,12:17:37 AM,184,96,firefox,184,0,23,1.9166666666666667
8/24/2024,12:16:44 AM,169,79,firefox,168,0,24,2.1392405063291138
8/25/2024,12:18:49 AM,148,58,firefox,125,0,25,2.5517241379310347
8/26/2024,12:17:25 AM,154,60,firefox,125,5,26,2.566666666666667
8/27/2024,12:19:55 AM,329,183,firefox,300,24,27,1.7978142076502732
8/28/2024,12:19:52 AM,352,191,firefox,301,35,28,1.8429319371727748
8/29/2024,12:20:13 AM,379,209,firefox,325,52,29,1.813397129186603
8/30/2024,12:20:09 AM,365,198,firefox,300,60,30,1.8434343434343434
8/31/2024,12:19:46 AM,358,174,firefox,275,66,31,2.057471264367816
9/1/2024,12:29:29 AM,353,550,firefox,353,0,1,0.6418181818181818
9/2/2024,12:22:43 AM,344,316,firefox,344,0,2,1.0886075949367089
9/3/2024,12:20:05 AM,342,203,firefox,342,0,3,1.6847290640394088
9/4/2024,12:20:07 AM,346,190,firefox,344,0,4,1.8210526315789475
9/5/2024,12:20:21 AM,361,186,firefox,360,0,5,1.9408602150537635
9/6/2024,12:20:31 AM,387,204,firefox,384,0,6,1.8970588235294117
9/7/2024,12:20:05 AM,382,195,firefox,378,0,7,1.958974358974359
9/8/2024,12:21:50 AM,370,187,firefox,368,0,8,1.9786096256684491
9/9/2024,12:21:27 AM,361,191,firefox,360,0,9,1.8900523560209423
9/10/2024,12:20:17 AM,377,194,firefox,370,0,10,1.943298969072165
9/11/2024,12:20:11 AM,368,196,firefox,363,0,11,1.8775510204081634
9/12/2024,12:20:54 AM,349,201,firefox,348,0,12,1.736318407960199
9/13/2024,12:19:55 AM,368,177,firefox,364,0,13,2.07909604519774
9/14/2024,12:19:48 AM,354,164,firefox,350,0,14,2.158536585365854
9/15/2024,12:22:19 AM,339,178,firefox,330,0,15,1.904494382022472
9/16/2024,12:20:43 AM,318,140,firefox,304,0,16,2.2714285714285714
9/17/2024,12:17:25 AM,328,152,firefox,323,0,17,2.1578947368421053
9/18/2024,12:19:38 AM,319,138,firefox,306,0,18,2.3115942028985508
9/19/2024,12:19:57 AM,339,153,firefox,323,0,19,2.215686274509804
9/20/2024,12:20:42 AM,362,183,firefox,360,0,20,1.9781420765027322
9/21/2024,12:19:35 AM,346,156,firefox,336,0,21,2.217948717948718
9/22/2024,12:21:59 AM,331,151,firefox,330,0,22,2.19205298013245
9/23/2024,12:20:28 AM,313,136,firefox,299,0,23,2.301470588235294
9/24/2024,12:20:52 AM,368,166,firefox,360,0,24,2.216867469879518
9/25/2024,12:20:38 AM,333,151,firefox,325,0,25,2.205298013245033
9/26/2024,12:19:59 AM,328,149,firefox,300,12,26,2.2013422818791946
